<?xml version="1.0" encoding="UTF-8"?>
<project-private xmlns="http://www.netbeans.org/ns/project-private/1">
    <editor-bookmarks xmlns="http://www.netbeans.org/ns/editor-bookmarks/2" lastBookmarkId="0"/>
    <open-files xmlns="http://www.netbeans.org/ns/projectui-open-files/2">
        <group>
            <file>file:/G:/Muhammad%20Khaled/swing2/src/swing2/Swing2.java</file>
            <file>file:/G:/Muhammad%20Khaled/swing2/src/swing2/PasswordFieldDemo.java</file>
            <file>file:/G:/Muhammad%20Khaled/swing2/src/swing2/ButtonDemo3.java</file>
            <file>file:/G:/Muhammad%20Khaled/swing2/src/swing2/loginFrame2.java</file>
            <file>file:/G:/Muhammad%20Khaled/swing2/src/swing2/ButtonAction.java</file>
            <file>file:/G:/Muhammad%20Khaled/swing2/src/swing2/login.jpg</file>
            <file>file:/G:/Muhammad%20Khaled/swing2/src/swing2/ButtonDemo.java</file>
            <file>file:/G:/Muhammad%20Khaled/swing2/src/swing2/FontStyle.java</file>
            <file>file:/G:/Muhammad%20Khaled/swing2/src/swing2/LoginFrame.java</file>
            <file>file:/G:/Muhammad%20Khaled/swing2/src/swing2/NewFrame.java</file>
            <file>file:/G:/Muhammad%20Khaled/swing2/src/swing2/ButtonDemo2.java</file>
            <file>file:/G:/Muhammad%20Khaled/swing2/src/swing2/ActionListener.java</file>
            <file>file:/G:/Muhammad%20Khaled/swing2/src/swing2/Test.java</file>
            <file>file:/G:/Muhammad%20Khaled/swing2/src/swing2/TextAreaDemo.java</file>
        </group>
    </open-files>
</project-private>
