<?xml version="1.0" encoding="UTF-8"?>
<project-private xmlns="http://www.netbeans.org/ns/project-private/1">
    <editor-bookmarks xmlns="http://www.netbeans.org/ns/editor-bookmarks/2" lastBookmarkId="0"/>
    <open-files xmlns="http://www.netbeans.org/ns/projectui-open-files/2">
        <group>
            <file>file:/G:/Muhammad%20Khaled/Swing1/src/swing1/JFrameIcon.java</file>
            <file>file:/G:/Muhammad%20Khaled/Swing1/src/swing1/test3.java</file>
            <file>file:/G:/Muhammad%20Khaled/Swing1/src/swing1/JFrameDemo.java</file>
            <file>file:/G:/Muhammad%20Khaled/Swing1/src/swing1/test5.java</file>
            <file>file:/G:/Muhammad%20Khaled/Swing1/src/swing1/JScrollPaneDemo.java</file>
            <file>file:/G:/Muhammad%20Khaled/Swing1/src/swing1/test4.java</file>
            <file>file:/G:/Muhammad%20Khaled/Swing1/src/swing1/WrappingLine.java</file>
            <file>file:/G:/Muhammad%20Khaled/Swing1/src/swing1/test1.java</file>
            <file>file:/G:/Muhammad%20Khaled/Swing1/src/swing1/test2.java</file>
            <file>file:/G:/Muhammad%20Khaled/Swing1/src/swing1/loveIcon.java</file>
            <file>file:/G:/Muhammad%20Khaled/Swing1/build/classes/swing1/love.png</file>
        </group>
    </open-files>
</project-private>
