<?xml version="1.0" encoding="UTF-8"?>
<project-private xmlns="http://www.netbeans.org/ns/project-private/1">
    <editor-bookmarks xmlns="http://www.netbeans.org/ns/editor-bookmarks/2" lastBookmarkId="0"/>
    <open-files xmlns="http://www.netbeans.org/ns/projectui-open-files/2">
        <group>
            <file>file:/G:/Muhammad%20Khaled/StringDemo/src/stringdemo/String18.java</file>
            <file>file:/G:/Muhammad%20Khaled/StringDemo/src/stringdemo/String15.java</file>
            <file>file:/G:/Muhammad%20Khaled/StringDemo/src/stringdemo/String9.java</file>
            <file>file:/G:/Muhammad%20Khaled/StringDemo/src/stringdemo/String12.java</file>
            <file>file:/G:/Muhammad%20Khaled/StringDemo/src/stringdemo/String14.java</file>
            <file>file:/G:/Muhammad%20Khaled/StringDemo/src/stringdemo/String1.java</file>
            <file>file:/G:/Muhammad%20Khaled/StringDemo/src/stringdemo/String17.java</file>
            <file>file:/G:/Muhammad%20Khaled/StringDemo/src/stringdemo/String19.java</file>
            <file>file:/G:/Muhammad%20Khaled/StringDemo/src/stringdemo/String11.java</file>
            <file>file:/G:/Muhammad%20Khaled/StringDemo/src/stringdemo/String3.java</file>
            <file>file:/G:/Muhammad%20Khaled/StringDemo/src/stringdemo/String6.java</file>
            <file>file:/G:/Muhammad%20Khaled/StringDemo/src/stringdemo/String8.java</file>
            <file>file:/G:/Muhammad%20Khaled/StringDemo/src/stringdemo/String5.java</file>
            <file>file:/G:/Muhammad%20Khaled/StringDemo/src/stringdemo/String13.java</file>
            <file>file:/G:/Muhammad%20Khaled/StringDemo/src/stringdemo/String16.java</file>
            <file>file:/G:/Muhammad%20Khaled/StringDemo/src/stringdemo/String20.java</file>
            <file>file:/G:/Muhammad%20Khaled/StringDemo/src/stringdemo/String4.java</file>
            <file>file:/G:/Muhammad%20Khaled/StringDemo/src/stringdemo/String2.java</file>
            <file>file:/G:/Muhammad%20Khaled/StringDemo/src/stringdemo/String7.java</file>
            <file>file:/G:/Muhammad%20Khaled/StringDemo/src/stringdemo/String10.java</file>
        </group>
    </open-files>
</project-private>
