<?xml version="1.0" encoding="UTF-8"?>
<project-private xmlns="http://www.netbeans.org/ns/project-private/1">
    <editor-bookmarks xmlns="http://www.netbeans.org/ns/editor-bookmarks/2" lastBookmarkId="0"/>
    <open-files xmlns="http://www.netbeans.org/ns/projectui-open-files/2">
        <group>
            <file>file:/G:/Muhammad%20Khaled/SwingDemo/src/swingdemo/FontStyle.java</file>
            <file>file:/G:/Muhammad%20Khaled/SwingDemo/src/swingdemo/ForeGround.java</file>
            <file>file:/G:/Muhammad%20Khaled/SwingDemo/src/swingdemo/TextFieldFont.java</file>
            <file>file:/G:/Muhammad%20Khaled/SwingDemo/src/swingdemo/AddImage.java</file>
            <file>file:/G:/Muhammad%20Khaled/SwingDemo/src/swingdemo/LabelDemo.java</file>
            <file>file:/G:/Muhammad%20Khaled/SwingDemo/src/swingdemo/AddTips.java</file>
            <file>file:/G:/Muhammad%20Khaled/SwingDemo/src/swingdemo/TextField.java</file>
            <file>file:/G:/Muhammad%20Khaled/SwingDemo/src/swingdemo/ActionDemo.java</file>
            <file>file:/G:/Muhammad%20Khaled/SwingDemo/src/swingdemo/SwingDemo.java</file>
            <file>file:/G:/Muhammad%20Khaled/SwingDemo/src/swingdemo/AddImageDemo.java</file>
        </group>
    </open-files>
</project-private>
