<?xml version="1.0" encoding="UTF-8"?>
<project-private xmlns="http://www.netbeans.org/ns/project-private/1">
    <editor-bookmarks xmlns="http://www.netbeans.org/ns/editor-bookmarks/2" lastBookmarkId="0"/>
    <open-files xmlns="http://www.netbeans.org/ns/projectui-open-files/2">
        <group>
            <file>file:/G:/Muhammad%20Khaled/Swing3/src/swing3/windowDemo.java</file>
            <file>file:/G:/Muhammad%20Khaled/Swing3/src/swing3/motionMouse.java</file>
            <file>file:/G:/Muhammad%20Khaled/Swing3/src/swing3/PanelDemo.java</file>
            <file>file:/G:/Muhammad%20Khaled/Swing3/src/swing3/addImageJLabel.java</file>
        </group>
    </open-files>
</project-private>
